name,age
"Moran, Mr. James",
"Williams, Mr. Charles Eugene",
"Masselmani, Mrs. Fatima",
"Emir, Mr. Farred Chehab",
"O'Dwyer, Miss. Ellen ""Nellie""",
"Todoroff, Mr. Lalio",
"Spencer, Mrs. William Augustus (Marie Eugenie)",
"Glynn, Miss. Mary Agatha",
"Mamee, Mr. Hanna",
"Kraeff, Mr. Theodor",
"Rogers, Mr. William John",
"Lennon, Mr. Denis",
"O'Driscoll, Miss. Bridget",
"Samaan, Mr. Youssef",
"Woolner, Mr. Hugh",
"Stewart, Mr. Albert A",
"Moubarek, Master. Gerios",
"Staneff, Mr. Ivan",
"Moutal, Mr. Rahamin Haim",
"McDermott, Miss. Brigdet Delia",
"Slocovski, Mr. Selman Francis",
"Shorney, Mr. Charles Joseph",
"Petroff, Mr. Pastcho (""Pentcho"")",
"Moss, Mr. Albert Johan",
"Moran, Miss. Bertha",
"Moore, Mr. Leonard Charles",
"McMahon, Mr. Martin",
"Peter, Miss. Anna",
"Boulos, Mrs. Joseph (Sultana)",
"Olsen, Mr. Ole Martin",
"Smiljanic, Mr. Mile",
"Sage, Master. Thomas Henry",
"Chibnall, Mrs. (Edith Martha Bowerman)",
"Baumann, Mr. John D",
"Lefebre, Master. Henry Forbes",
"Sage, Miss. Constance Gladys",
"Pernot, Mr. Rene",
"Rood, Mr. Hugh Roscoe",
"O'Brien, Mrs. Thomas (Johanna ""Hannah"" Godfrey)",
"Mernagh, Mr. Robert",
"Madigan, Miss. Margaret ""Maggie""",
"Sage, Mr. Frederick",
"Kiernan, Mr. Philip",
"Nenkoff, Mr. Christo",
"Lefebre, Miss. Mathilde",
"Harknett, Miss. Alice Phoebe",
"Zabour, Miss. Thamine",
"Murphy, Miss. Katherine ""Kate""",
"Reed, Mr. James George",
"Thorne, Mrs. Gertrude Maybelle",
"Smith, Mr. Thomas",
"Henry, Miss. Delia",
"Cairns, Mr. Alexander",
"Healy, Miss. Hanora ""Nora""",
"Parkes, Mr. Francis ""Frank""",
"Smith, Mr. Richard William",
"Lewy, Mr. Ervin G",
"Saalfeld, Mr. Adolphe",
"Kelly, Miss. Anna Katherine ""Annie Kate""",
"McCoy, Mr. Bernard",
"Keane, Miss. Nora A",
"Williams, Mr. Howard Hugh ""Harry""",
"Fleming, Miss. Margaret",
"Sage, Mr. George John Jr",
"McCoy, Miss. Agnes",
"Frauenthal, Mrs. Henry William (Clara Heinsheimer)",
"Denkoff, Mr. Mitto",
"Davison, Mrs. Thomas Henry (Mary E Finck)",
"Williams-Lambert, Mr. Fletcher Fellows",
"Yousif, Mr. Wazli",
"McGovern, Miss. Mary",
"Mockler, Miss. Helen Mary ""Ellie""",
"O'Brien, Mr. Thomas",
"Moussa, Mrs. (Mantoura Boulos)",
"Jermyn, Miss. Annie",
"Meyer, Mrs. Edgar Joseph (Leila Saks)",
"Plotcharsky, Mr. Vasil",
"Sadlier, Mr. Matthew",
"Lefebre, Miss. Ida",
"Sdycoff, Mr. Todor",
"Hart, Mr. Henry",
"Cunningham, Mr. Alfred Fleming",
"Meek, Mrs. Thomas (Annie Louise Rowley)",
"Gheorgheff, Mr. Stanio",
"Wiseman, Mr. Phillippe",
"Flynn, Mr. James",
"Thorneycroft, Mrs. Percival (Florence Kate White)",
"Johannesen-Bratthammer, Mr. Bernt",
"Hagland, Mr. Ingvald Olai Olsen",
"Peduzzi, Mr. Joseph",
"Kenyon, Mrs. Frederick R (Marion)",
"O'Connor, Mr. Maurice",
"Maisner, Mr. Simon",
"Campbell, Mr. William",
"Scanlan, Mr. James",
"Keefe, Mr. Arthur",
"Clifford, Mr. George Quincy",
"Frost, Mr. Anthony Wood ""Archie""",
"Lefebre, Miss. Jeannie",
"Hagland, Mr. Konrad Mathias Reiersen",
"Yousseff, Mr. Gerious",
"Shellard, Mr. Frederick William",
"O'Sullivan, Miss. Bridget Mary",
"Bradley, Mr. George (""George Arthur Brayton"")",
"Webber, Mr. James",
"Ryan, Mr. Patrick",
"Lahoud, Mr. Sarkis",
"Kassem, Mr. Fared",
"Farthing, Mr. John",
"Toufik, Mr. Nakli",
"Peter, Mrs. Catherine (Catherine Rizk)",
"Risien, Mr. Samuel Beard",
"Padro y Manent, Mr. Julian",
"O'Brien, Mr. Timothy",
"Robbins, Mr. Victor",
"Morrow, Mr. Thomas Rowan",
"Simmons, Mr. John",
"Meanwell, Miss. (Marion Ogden)",
"Doharr, Mr. Tannous",
"Kelly, Miss. Mary",
"Caram, Mrs. Joseph (Maria Elias)",
"Paulner, Mr. Uscher",
"Murdlin, Mr. Joseph",
"Bourke, Miss. Mary",
"Leitch, Miss. Jessie Wills",
"Boulos, Mr. Hanna",
"Slabenoff, Mr. Petco",
"Harrington, Mr. Charles H",
"Jardin, Mr. Jose Neto",
"Murphy, Miss. Margaret Jane",
"Horgan, Mr. John",
"O'Connell, Mr. Patrick D",
"Parr, Mr. William Henry Marsh",
"Thorneycroft, Mr. Percival",
"Foo, Mr. Choong",
"Willey, Mr. Edward",
"Mitkoff, Mr. Mito",
"O'Leary, Miss. Hanora ""Norah""",
"Radeff, Mr. Alexander",
"Rommetvedt, Mr. Knud Paust",
"Taylor, Mrs. Elmer Zebley (Juliet Cummins Wright)",
"Watson, Mr. Ennis Hastings",
"Peters, Miss. Katie",
"Lam, Mr. Ali",
"Mullens, Miss. Katherine ""Katie""",
"Moubarek, Master. Halim Gonios (""William George"")",
"Klaber, Mr. Herman",
"McEvoy, Mr. Michael",
"Mannion, Miss. Margareth",
"Knight, Mr. Robert J",
"Ivanoff, Mr. Kanio",
"Nankoff, Mr. Minko",
"Hawksford, Mr. Walter James",
"Garfirth, Mr. John",
"Brewe, Dr. Arthur Jackson",
"Moran, Mr. Daniel J",
"Elias, Mr. Dibo",
"Tobin, Mr. Roger",
"Kilgannon, Mr. Thomas J",
"Johnston, Mr. Andrew G",
"Keane, Mr. Andrew ""Andy""",
"Sage, Miss. Stella Anna",
"Hoyt, Mr. William Fisher",
"Fry, Mr. Richard",
"Flynn, Mr. John",
"Lam, Mr. Len",
"McCormack, Mr. Thomas Joseph",
"Saad, Mr. Amin",
"Sirota, Mr. Maurice",
"Marechal, Mr. Pierre",
"Sage, Mr. Douglas Bullen",
"Goldenberg, Mrs. Samuel L (Edwiga Grabowska)",
"Razi, Mr. Raihed",
"Sage, Miss. Dorothy Edith ""Dolly""",
"van Melkebeke, Mr. Philemon",
"Laleff, Mr. Kristo",
"Johnston, Miss. Catherine Helen ""Carrie""",
